Sequence,Kingdom,Phylum,Class,Order,Family ,Genus,Species,Strain,,,,,,,,
U2_20140716FC_scaffold_1797_5_1,Bacteria,Actinobacteria,Actinobacteria,Micrococcales,Microbacteriaceae,Candidatus Rhodoluna,lacicola,MWH,Ta8,,,,,,,
U2_20140711HT_scaffold_15594_4_1,Bacteria,Actinobacteria,Actinobacteria,Micrococcales,Microbacteriaceae,Candidatus Rhodoluna,lacicola,MWH,Ta8,,,,,,,
U2_20140711LW_scaffold_8229_4_1,Bacteria,Actinobacteria,Actinobacteria,Micrococcales,Microbacteriaceae,Candidatus Rhodoluna,lacicola,MWH,Ta8,,,,,,,
U2_20140711FC_scaffold_6577_10_1,Bacteria,Actinobacteria,Actinobacteria,Micrococcales,Microbacteriaceae,Candidatus Rhodoluna,lacicola,MWH,Ta8,,,,,,,
U2_20140711FC_scaffold_43359_1_1,Bacteria,Actinobacteria,Actinobacteria,Micrococcales,Microbacteriaceae,Candidatus Rhodoluna,lacicola,MWH,Ta8,,,,,,,
U2_20140711FC_scaffold_130912_1_1,Bacteria,Actinobacteria,Actinobacteria,Micrococcales,Microbacteriaceae,Candidatus Rhodoluna,lacicola,MWH,Ta8,,,,,,,
U3_Input2FT_scaffold_70265_1_1,Bacteria,Actinobacteria,Actinobacteria,Micrococcales,Microbacteriaceae,Candidatus Rhodoluna,lacicola,MWH,Ta8,,,,,,,
U2_20140716FC_scaffold_53220_3_1,Bacteria,Actinobacteria,Actinobacteria,Micrococcales,Microbacteriaceae,Candidatus Rhodoluna,lacicola,MWH,Ta8,,,,,,,
U2_20140711HT_scaffold_434_10_1,Bacteria,Actinobacteria,Actinobacteria,Micrococcales,Microbacteriaceae,Candidatus Rhodoluna,lacicola,MWH,Ta8,,,,,,,
U2_20140711HT_scaffold_3908_24_1,Bacteria,Actinobacteria,Actinobacteria-Acidimicrobidae,Acidimicrobiales-Acidimicrobineae,Acidimicrobiaceae,Ilumatobacter,coccineum,YM16,304,,,,,,,
U2_20140711LW_scaffold_26977_4_1,Bacteria,Actinobacteria,Actinobacteria-Acidimicrobidae,Acidimicrobiales-Acidimicrobineae,Acidimicrobiaceae,Ilumatobacter,coccineum,YM16,304,,,,,,,
U2_20140711FC_scaffold_30757_1_1,Bacteria,Actinobacteria,Actinobacteria-Acidimicrobidae,Acidimicrobiales-Acidimicrobineae,Acidimicrobiaceae,Ilumatobacter,coccineum,YM16,304,,,,,,,
U2_20140716FC_scaffold_508_20_1,Bacteria,Actinobacteria,Actinobacteria-Acidimicrobidae,Acidimicrobiales-Acidimicrobineae,Acidimicrobiaceae,Ilumatobacter,coccineum,YM16,304,,,,,,,
U2_20140711LW_scaffold_25748_4_1,Bacteria,Actinobacteria,Actinobacteria-Actinobacteridae,Actinomycetales-Corynebacterineae,Mycobacteriaceae,Mycobacterium,abscessus,bolletii,50594,,,,,,,
U3_Day017_scaffold_32652_2_1,Bacteria,Actinobacteria,Actinobacteria-Actinobacteridae,Actinomycetales-Frankineae,Frankiaceae,Frankia,alni,ACN14a,,,,,,,,
U2_20140716FC_scaffold_104088_2_1,Bacteria,Actinobacteria,Actinobacteria-Actinobacteridae,Actinomycetales-Micrococcineae,Dermatophilaceae,Austwickia,chelonae,NBRC,105200,,,,,,,
U2_20140711HT_scaffold_8538_9_1,Bacteria,Actinobacteria,Actinobacteria-Actinobacteridae,Actinomycetales-Micrococcineae,Dermatophilaceae,Kineosphaera,limosa,NBRC,100340,,,,,,,
U2_20140716FC_scaffold_9618_1_1,Bacteria,Actinobacteria,Actinobacteria-Actinobacteridae,Actinomycetales-Micrococcineae,Dermatophilaceae,Kineosphaera,limosa,NBRC,100340,,,,,,,
U2_20140716FC_scaffold_20846_4_1,Bacteria,Actinobacteria,Actinobacteria-Actinobacteridae,Actinomycetales-Micrococcineae,Microbacteriaceae,Agromyces,subbeticus,DSM,16689,,,,,,,
U2_20140711HT_scaffold_3938_1_1,Bacteria,Actinobacteria,Actinobacteria-Actinobacteridae,Actinomycetales-Micrococcineae,Microbacteriaceae,Agromyces,subbeticus,DSM,16689,,,,,,,
U2_20140711HT_scaffold_2193_16_1,Bacteria,Actinobacteria,Actinobacteria-Actinobacteridae,Actinomycetales-Micrococcineae,Microbacteriaceae,Humibacter,albus,DSM,18994,,,,,,,
U2_20140711HT_scaffold_41253_1_1,Bacteria,Actinobacteria,Actinobacteria-Actinobacteridae,Actinomycetales-Propionibacterineae,Nocardioidaceae,Propionicicella,superfundia,DSM,22317,,,,,,,
U2_20140711LW_scaffold_5900_1_1,Bacteria,Actinobacteria,Actinobacteria-Actinobacteridae,Actinomycetales-Pseudonocardineae,Pseudonocardiaceae,Thermobispora,bispora,DSM,43833,,,,,,,
U2_20140716FC_scaffold_17974_2_1,Bacteria,Actinobacteria,Actinobacteria-Actinobacteridae,Actinomycetales-Streptomycineae,Streptomycetaceae,Kitasatospora,setae,KM,6054,NBRC,14216,,,,,
U2_20140711HT_scaffold_16196_1_1,Bacteria,Actinobacteria,Actinobacteria-Actinobacteridae,Actinomycetales-Streptomycineae,Streptomycetaceae,Kitasatospora,setae,KM,6054,NBRC,14216,,,,,
U3_Day017_scaffold_30861_2_1,Bacteria,Actinobacteria,Actinobacteria-Actinobacteridae,Actinomycetales-Streptomycineae,Streptomycetaceae,Kitasatospora,setae,KM,6054,NBRC,14216,,,,,
U3_Day017_scaffold_2347_4_1,Bacteria,Actinobacteria,Actinobacteria-Actinobacteridae,Actinomycetales-Streptomycineae,Streptomycetaceae,Kitasatospora,setae,KM,6054,NBRC,14216,,,,,
U3_Input2RT_scaffold_1392_1_1,Bacteria,Actinobacteria,Actinobacteria-Actinobacteridae,Actinomycetales-Streptomycineae,Streptomycetaceae,Kitasatospora,setae,KM,6054,NBRC,14216,,,,,
U2_20140716FC_scaffold_5574_8_1,Bacteria,Actinobacteria,Actinobacteria-Actinobacteridae,Actinomycetales-Streptomycineae,Streptomycetaceae,Kitasatospora,setae,KM,6054,NBRC,14216,,,,,
U2_20140711FC_scaffold_10699_4_1,Bacteria,Actinobacteria,Actinobacteria-Actinobacteridae,Actinomycetales-Streptomycineae,Streptomycetaceae,Kitasatospora,setae,KM,6054,NBRC,14216,,,,,
U2_20140711FC_scaffold_8045_3_1,Bacteria,Actinobacteria,Actinobacteria-Actinobacteridae,Actinomycetales-Streptomycineae,Streptomycetaceae,Kitasatospora,setae,KM,6054,NBRC,14216,,,,,
U2_20140711HT_scaffold_9597_7_1,Bacteria,Actinobacteria,Actinobacteria-Actinobacteridae,Actinomycetales-Streptomycineae,Streptomycetaceae,Kitasatospora,setae,KM,6054,NBRC,14216,,,,,
U2_20140711FC_scaffold_76794_2_1,Bacteria,Actinobacteria,Actinobacteria-Actinobacteridae,Actinomycetales-Streptomycineae,Streptomycetaceae,Kitasatospora,setae,KM,6054,NBRC,14216,,,,,
U3_Input2FT_scaffold_54649_2_1,Bacteria,Actinobacteria,Actinobacteria-Actinobacteridae,Actinomycetales-Streptomycineae,Streptomycetaceae,Kitasatospora,setae,KM,6054,NBRC,14216,,,,,
U2_20140711FC_scaffold_3134_17_1,Bacteria,Actinobacteria,Actinobacteria-Actinobacteridae,Actinomycetales-Streptomycineae,Streptomycetaceae,Kitasatospora,setae,KM,6054,NBRC,14216,,,,,
U2_20140716FC_scaffold_4681_7_1,Bacteria,Actinobacteria,Actinobacteria-Actinobacteridae,Actinomycetales-Streptomycineae,Streptomycetaceae,Kitasatospora,setae,KM,6054,NBRC,14216,,,,,
U3_Input2FT_scaffold_58219_2_1,Bacteria,Actinobacteria,Actinobacteria-Actinobacteridae,Actinomycetales-Streptomycineae,Streptomycetaceae,Kitasatospora,setae,KM,6054,NBRC,14216,,,,,
U3_Input2FT_scaffold_27014_6_1,Bacteria,Actinobacteria,Actinobacteria-Actinobacteridae,Actinomycetales-Streptomycineae,Streptomycetaceae,Kitasatospora,setae,KM,6054,NBRC,14216,,,,,
U2_20140716FC_scaffold_3891_9_1,Bacteria,Actinobacteria,Actinobacteria-Actinobacteridae,Actinomycetales-Streptomycineae,Streptomycetaceae,Kitasatospora,setae,KM,6054,NBRC,14216,,,,,
U2_20140711LW_scaffold_38219_5_1,Bacteria,Actinobacteria,Actinobacteria-Actinobacteridae,Actinomycetales-Streptomycineae,Streptomycetaceae,Kitasatospora,setae,KM,6054,NBRC,14216,,,,,
U2_20140711LW_scaffold_11102_1_1,Bacteria,Actinobacteria,Actinobacteria-Actinobacteridae,Actinomycetales-Streptomycineae,Streptomycetaceae,Kitasatospora,setae,KM,6054,NBRC,14216,,,,,
U2_20140716FC_scaffold_57966_1_1,Bacteria,Actinobacteria,Actinobacteria-Actinobacteridae,Actinomycetales-Streptomycineae,Streptomycetaceae,Kitasatospora,setae,KM,6054,NBRC,14216,,,,,
U2_20140716FC_scaffold_6097_3_1,Bacteria,Actinobacteria,Actinobacteria-Actinobacteridae,Actinomycetales-Streptomycineae,Streptomycetaceae,Kitasatospora,setae,KM,6054,NBRC,14216,,,,,
U3_Day017_scaffold_6880_6_1,Bacteria,Actinobacteria,Actinobacteria-Actinobacteridae,Actinomycetales-Streptomycineae,Streptomycetaceae,Kitasatospora,setae,KM,6054,NBRC,14216,,,,,
U3_Input2FT_scaffold_54290_1_1,Bacteria,Actinobacteria,Actinobacteria-Actinobacteridae,Actinomycetales-Streptomycineae,Streptomycetaceae,Streptomycetaceae,bacterium,MP113,5,,,,,,,
U3_Input2FT_scaffold_34251_2_1,Bacteria,Actinobacteria,Actinobacteria-Actinobacteridae,Actinomycetales-Streptomycineae,Streptomycetaceae,Streptomycetaceae,bacterium,MP113,5,,,,,,,
U3_Input2FT_scaffold_66426_1_1,Bacteria,Actinobacteria,Actinobacteria-Actinobacteridae,Actinomycetales-Streptosporangineae,Thermomonosporaceae,Thermomonospora,curvata,DSM,43183,,,,,,,
U2_20140711HT_scaffold_10898_7_1,Bacteria,Actinobacteria,Actinobacteria-Actinobacteridae,Actinomycetales-Streptosporangineae,Thermomonosporaceae,Thermomonospora,curvata,DSM,43183,,,,,,,
U2_20140716FC_scaffold_22423_4_1,Bacteria,Actinobacteria,Actinobacteria-Actinobacteridae,Actinomycetales-Streptosporangineae,Thermomonosporaceae,Thermomonospora,curvata,DSM,43183,,,,,,,
U2_20140711FC_scaffold_12339_4_1,Bacteria,Actinobacteria,Actinobacteria,Actinobacteria,Actinobacteria,marine actinobacterium,IMCC13023,,,,,,,,,
U2_20140711HT_scaffold_696_28_1,Bacteria,Actinobacteria,Actinobacteria,Actinobacteria,Actinobacteria,marine actinobacterium,IMCC13023,,,,,,,,,
U2_20141010_scaffold_1530_2_1,Bacteria,Aquificae,Aquificae,Aquificales,Desulfurobacteriaceae,Thermovibrio,ammonificans,HB,1,,,,,,,
M4_20151211_scaffold_1268_8_1,Bacteria,Bacteroidetes,Bacteroidia,Bacteroidales,Bacteroidaceae,Bacteroides,fragilis,NCTC,9343,,,,,,,
M4_20160203_scaffold_11_41_1,Bacteria,Bacteroidetes,Bacteroidia,Bacteroidales,Marinilabiaceae,Marinilabilia,salmonicolor,JCM,21150,,,,,,,
U3_Input2RT_scaffold_33432_2_1,Bacteria,Bacteroidetes,Bacteroidia,Bacteroidales,Marinilabiaceae,Marinilabilia,salmonicolor,JCM,21150,,,,,,,
M5_20160217_scaffold_12_30_1,Bacteria,Bacteroidetes,Bacteroidia,Bacteroidales,Prolixibacteraceae,Draconibacterium,orientale,FH5,,,,,,,,
U3_Input2FT_scaffold_44761_2_1,Bacteria,Bacteroidetes,Bacteroidia,Bacteroidales,Prolixibacteraceae,Draconibacterium,orientale,FH5,,,,,,,,
U2_20140711FC_scaffold_2082_16_1,Bacteria,Bacteroidetes,Cytophagia,Cytophagales,Cyclobacteriaceae,Belliella,baltica,BA134,DSM,15883,,,,,,
U2_20140711HT_scaffold_771_21_1,Bacteria,Bacteroidetes,Cytophagia,Cytophagales,Cyclobacteriaceae,Belliella,baltica,BA134,DSM,15883,,,,,,
U2_20140711HT_scaffold_968_24_1,Bacteria,Bacteroidetes,Cytophagia,Cytophagales,Cytophagaceae,Adhaeribacter,aquaticus,MBRG1.5,DSM,16391,,,,,,
U2_20140711HT_scaffold_700_4_1,Bacteria,Bacteroidetes,Cytophagia,Cytophagales,Cytophagaceae,Fibrella,aestuarina,,,,,,,,,
U2_20140711LW_scaffold_23996_1_1,Bacteria,Bacteroidetes,Cytophagia,Cytophagales,Cytophagaceae,Runella,slithyformis,LSU4,DSM,19594,,,,,,
U2_20140711HT_scaffold_22160_4_1,Bacteria,Bacteroidetes,Cytophagia,Cytophagales,Cytophagaceae,Spirosoma,linguale,DSM,74,,,,,,,
U3_Input2FT_scaffold_7367_8_1,Bacteria,Bacteroidetes,Cytophagia,Cytophagales,Cytophagaceae,Spirosoma,linguale,DSM,74,,,,,,,
U2_20140711FC_scaffold_478_24_1,Bacteria,Bacteroidetes,Flavobacteriia,Flavobacteriales,Cryomorphaceae,Crocinitomix,catalasitica,ATCC,23190,,,,,,,
U2_20140711HT_scaffold_4318_7_1,Bacteria,Bacteroidetes,Flavobacteriia,Flavobacteriales,Cryomorphaceae,Crocinitomix,catalasitica,ATCC,23190,,,,,,,
U2_20140711FC_scaffold_45436_2_1,Bacteria,Bacteroidetes,Flavobacteriia,Flavobacteriales,Cryomorphaceae,Crocinitomix,catalasitica,ATCC,23190,,,,,,,
U2_20140711LW_scaffold_14756_5_1,Bacteria,Bacteroidetes,Flavobacteriia,Flavobacteriales,Cryomorphaceae,Crocinitomix,catalasitica,ATCC,23190,,,,,,,
U2_20140711HT_scaffold_59251_2_1,Bacteria,Bacteroidetes,Flavobacteriia,Flavobacteriales,Cryomorphaceae,Crocinitomix,catalasitica,ATCC,23190,,,,,,,
U2_20140711HT_scaffold_59318_2_1,Bacteria,Bacteroidetes,Flavobacteriia,Flavobacteriales,Cryomorphaceae,Crocinitomix,catalasitica,ATCC,23190,,,,,,,
U2_20140711FC_scaffold_725_9_1,Bacteria,Bacteroidetes,Flavobacteriia,Flavobacteriales,Flavobacteriaceae,Aequorivita,sublithincola,QSSC9,3,DSM,14238,,,,,
U3_Input2FT_scaffold_190_32_1,Bacteria,Bacteroidetes,Flavobacteriia,Flavobacteriales,Flavobacteriaceae,Epilithonimonas,tenax,DSM,16811,,,,,,,
U3_Input2FT_scaffold_67125_2_1,Bacteria,Bacteroidetes,Flavobacteriia,Flavobacteriales,Flavobacteriaceae,Epilithonimonas,tenax,DSM,16811,,,,,,,
U2_20140711HT_scaffold_5327_2_1,Bacteria,Bacteroidetes,Flavobacteriia,Flavobacteriales,Flavobacteriaceae,Flavobacteriaceae,bacterium,P7,3,5,,,,,,
U3_Input2FT_scaffold_1885_7_1,Bacteria,Bacteroidetes,Flavobacteriia,Flavobacteriales,Flavobacteriaceae,Flavobacterium,psychrophilum,JIP0286,,,,,,,,
U3_Input2FT_scaffold_11793_6_1,Bacteria,Bacteroidetes,Flavobacteriia,Flavobacteriales,Flavobacteriaceae,Flavobacterium,psychrophilum,JIP0286,,,,,,,,
U2_20140711HT_scaffold_593_36_1,Bacteria,Bacteroidetes,Sphingobacteriia,Sphingobacteriales,Chitinophagaceae,Niastella,koreensis,GR20,10,DSM,17620,,,,,
U2_20140711FC_scaffold_730_4_1,Bacteria,Bacteroidetes,Sphingobacteriia,Sphingobacteriales,Chitinophagaceae,Niastella,koreensis,GR20,10,DSM,17620,,,,,
U2_20140711FC_scaffold_74159_2_1,Bacteria,Bacteroidetes,Sphingobacteriia,Sphingobacteriales,Chitinophagaceae,Niastella,koreensis,GR20,10,DSM,17620,,,,,
U2_20140711FC_scaffold_7260_8_1,Bacteria,Bacteroidetes,Sphingobacteriia,Sphingobacteriales,Chitinophagaceae,Niastella,koreensis,GR20,10,DSM,17620,,,,,
U2_20140716FC_scaffold_6407_1_1,Bacteria,Bacteroidetes,Sphingobacteriia,Sphingobacteriales,Chitinophagaceae,Niastella,koreensis,GR20,10,DSM,17620,,,,,
M4_20160406_scaffold_4788_3_1,Bacteria,Bacteroidetes,Sphingobacteriia,Sphingobacteriales,Chitinophagaceae,Niastella,koreensis,GR20,10,DSM,17620,,,,,
U2_20140711HT_scaffold_3318_2_1,Bacteria,Bacteroidetes,Sphingobacteriia,Sphingobacteriales,Chitinophagaceae,Niastella,koreensis,GR20,10,DSM,17620,,,,,
U2_20140711LW_scaffold_7142_5_1,Bacteria,Bacteroidetes,Sphingobacteriia,Sphingobacteriales,Chitinophagaceae,Niastella,koreensis,GR20,10,DSM,17620,,,,,
U2_20140716FC_scaffold_1459_8_1,Bacteria,Bacteroidetes,Sphingobacteriia,Sphingobacteriales,Chitinophagaceae,Niastella,koreensis,GR20,10,DSM,17620,,,,,
U2_20140711HT_scaffold_3502_3_1,Bacteria,Bacteroidetes,Sphingobacteriia,Sphingobacteriales,Chitinophagaceae,Niastella,koreensis,GR20,10,DSM,17620,,,,,
U2_20140711FC_scaffold_30705_3_1,Bacteria,Bacteroidetes,Sphingobacteriia,Sphingobacteriales,Chitinophagaceae,Niastella,koreensis,GR20,10,DSM,17620,,,,,
U2_20140711HT_scaffold_12178_4_1,Bacteria,Bacteroidetes,Sphingobacteriia,Sphingobacteriales,Chitinophagaceae,Niastella,koreensis,GR20,10,DSM,17620,,,,,
U2_20140711FC_scaffold_70437_3_1,Bacteria,Bacteroidetes,Sphingobacteriia,Sphingobacteriales,Chitinophagaceae,Segetibacter,koreensis,DSM,18137,,,,,,,
U2_20140711LW_scaffold_31973_2_1,Bacteria,Bacteroidetes,Sphingobacteriia,Sphingobacteriales,Chitinophagaceae,Terrimonas,ferruginea,DSM,30193,,,,,,,
U2_20140711LW_scaffold_273_20_1,Bacteria,Bacteroidetes,Sphingobacteriia,Sphingobacteriales,Saprospiraceae,Haliscomenobacter,hydrossis,O,DSM,1100,,,,,,
U2_20140711HT_scaffold_75139_2_1,Bacteria,Bacteroidetes,Sphingobacteriia,Sphingobacteriales,Saprospiraceae,Haliscomenobacter,hydrossis,O,DSM,1100,,,,,,
U2_20140711FC_scaffold_1918_16_1,Bacteria,Bacteroidetes,Sphingobacteriia,Sphingobacteriales,Saprospiraceae,Haliscomenobacter,hydrossis,O,DSM,1100,,,,,,
U2_20140711HT_scaffold_535_24_1,Bacteria,Bacteroidetes,Sphingobacteriia,Sphingobacteriales,Saprospiraceae,Haliscomenobacter,hydrossis,O,DSM,1100,,,,,,
U2_20140716FC_scaffold_4064_9_1,Bacteria,Bacteroidetes,Sphingobacteriia,Sphingobacteriales,Saprospiraceae,Haliscomenobacter,hydrossis,O,DSM,1100,,,,,,
U2_20140711HT_scaffold_431_32_1,Bacteria,Bacteroidetes,Sphingobacteriia,Sphingobacteriales,Sphingobacteriaceae,Solitalea,canadensis,USAM,9D,DSM,3403,,,,,
U2_20140711FC_scaffold_775_20_1,Bacteria,Bacteroidetes,Sphingobacteriia,Sphingobacteriales,Sphingobacteriaceae,Solitalea,canadensis,USAM,9D,DSM,3403,,,,,
M1_T000_scaffold_7654_2_1,Bacteria,CP GN02,CP GN02,CP GN02,CP GN02,CP GN02,bacterium,JGI,69,P22,CrabSpa,1,278,,,
M1_T000_scaffold_219_29_1,Bacteria,CP GN02,CP GN02,CP GN02,CP GN02,CP GN02,bacterium,JGI,69,P22,CrabSpa,1,278,,,
U2_20140711HT_scaffold_9338_7_1,Bacteria,Cyanobacteria,Cyanobacteria,Oscillatoriales,Oscillatoriaceae,Lyngbya,sp.,PCC,8106,unfinished,sequence,,,,,
U3_Day017_scaffold_3732_7_1,Bacteria,Cyanobacteria,Cyanobacteria,Prochlorales,Prochlorococcaceae,Prochlorococcus,marinus,str.,MIT,9301,,,,,,
U2_20140711LW_scaffold_56_11_1,Bacteria,Cyanobacteria,Cyanobacteria,Synechococcales,Synechococcaceae,Cyanobium,gracile,PCC,6307,,,,,,,
U2_20140716FC_scaffold_175_7_1,Bacteria,Cyanobacteria,Cyanobacteria,Synechococcales,Synechococcaceae,Cyanobium,gracile,PCC,6307,,,,,,,
U2_20140711FC_scaffold_1664_26_1,Bacteria,Cyanobacteria,Cyanobacteria,Synechococcales,Synechococcaceae,Cyanobium,gracile,PCC,6307,,,,,,,
U2_20140711HT_scaffold_12019_6_1,Bacteria,Cyanobacteria,Cyanobacteria,Synechococcales,Synechococcaceae,Cyanobium,gracile,PCC,6307,,,,,,,
U2_20140711LW_scaffold_167_18_1,Bacteria,Cyanobacteria,Cyanobacteria,Synechococcales,Synechococcaceae,Cyanobium,gracile,PCC,6307,,,,,,,
U2_20140711LW_scaffold_7984_3_1,Bacteria,Cyanobacteria,Cyanobacteria,Synechococcales,Synechococcaceae,Cyanobium,gracile,PCC,6307,,,,,,,
U2_20140711HT_scaffold_2912_18_1,Bacteria,Cyanobacteria,Cyanobacteria,Synechococcales,Synechococcaceae,Cyanobium,gracile,PCC,6307,,,,,,,
M1_T000_scaffold_2738_1_1,Bacteria,Cyanobacteria,Cyanobacteria,Synechococcales,Synechococcaceae,Cyanobium,gracile,PCC,6307,,,,,,,
U2_20140716FC_scaffold_19705_3_1,Bacteria,Cyanobacteria,Cyanobacteria,Synechococcales,Synechococcaceae,Cyanobium,gracile,PCC,6307,,,,,,,
U2_20140711LW_scaffold_2981_7_1,Bacteria,Cyanobacteria,Cyanobacteria,Synechococcales,Synechococcaceae,Cyanobium,gracile,PCC,6307,,,,,,,
U2_20141022_scaffold_87_4_1,Bacteria,Deferribacteres,Deferribacteres,Deferribacterales,Deferribacteraceae,Flexistipes,sinusarabici,MAS10,DSM,4947,,,,,,
U2_20141018_scaffold_27_9_1,Bacteria,Deferribacteres,Deferribacteres,Deferribacterales,Deferribacteraceae,Flexistipes,sinusarabici,MAS10,DSM,4947,,,,,,
U3_Day009_scaffold_5003_4_1,Bacteria,Deferribacteres,Deferribacteres,Deferribacterales,Deferribacteraceae,Flexistipes,sinusarabici,MAS10,DSM,4947,,,,,,
M5_20160406_scaffold_8_54_1,Bacteria,Deinococcus-Thermus,Deinococci,Thermales,Thermaceae,Meiothermus,ruber,DSM,1279,,,,,,,
M1_T007_scaffold_1346_6_1,Bacteria,Firmicutes,Bacilli,Bacillales,Bacillaceae,Gracilibacillus,lacisalsi,DSM,19029,,,,,,,
M4_20160203_scaffold_5815_3_1,Bacteria,Firmicutes,Bacilli,Bacillales,Bacillaceae,Gracilibacillus,lacisalsi,DSM,19029,,,,,,,
U3_Day023_scaffold_107_8_1,Bacteria,Firmicutes,Bacilli,Lactobacillales,Streptococcaceae,Lactococcus,garvieae,Lg2,,,,,,,,
M4_20151220_scaffold_127_50_1,Bacteria,Firmicutes,Clostridia,Clostridiales,Caldicoprobacteraceae,Caldicoprobacter,oshimai,DSM,21659,,,,,,,
M4_20160203_scaffold_1823_1_1,Bacteria,Firmicutes,Clostridia,Clostridiales,Clostridiaceae,Clostridium,lentocellum,DSM,5427,,,,,,,
U2_20140711LW_scaffold_27797_1_1,Bacteria,Firmicutes,Clostridia,Clostridiales,Clostridiaceae,Clostridium,innocuum,2959,,,,,,,,
U2_20141119_scaffold_984_4_1,Bacteria,Firmicutes,Clostridia,Clostridiales,Clostridiales,incertae,sedis,Clostridiales,Family,XI.,Incertae,Sedis,Helcococcus,sueciensis,DSM,17243
U2_20141011_scaffold_298_3_1,Bacteria,Firmicutes,Clostridia,Clostridiales,Clostridiales,incertae,sedis,Clostridiales,Family,XI.,Incertae,Sedis,Helcococcus,sueciensis,DSM,17243
U3_Input2FT_scaffold_49933_1_1,Bacteria,Firmicutes,Clostridia,Clostridiales,Clostridiales,incertae,sedis,Clostridiales,Family,XII.,Incertae,Sedis,Acidaminobacter,hydrogenoformans,DSM,2784
M5_20160217_scaffold_855_8_1,Bacteria,Firmicutes,Clostridia,Clostridiales,Eubacteriaceae,Acetobacterium,woodii,WB1,DSM,1030,,,,,,
M4_20160217_scaffold_536_19_1,Bacteria,Firmicutes,Clostridia,Clostridiales,Lachnospiraceae,Lachnobacterium,bovis,C6A12,,,,,,,,
M4_20160203_scaffold_59_6_1,Bacteria,Firmicutes,Clostridia,Clostridiales,Lachnospiraceae,Lachnobacterium,bovis,C6A12,,,,,,,,
M4_20151211_scaffold_409_9_1,Bacteria,Firmicutes,Clostridia,Clostridiales,Peptococcaceae,Thermincola,sp. JR,,,,,,,,,
U2_20141119_scaffold_17_39_1,Bacteria,Firmicutes,Clostridia,Halanaerobiales,Halanaerobiaceae,Halanaerobium,sp. sapolanicus,,,,,,,,,
M5_20160217_scaffold_7956_1_1,Bacteria,Firmicutes,Clostridia,Halanaerobiales,Halanaerobiaceae,Halanaerobium,sp. sapolanicus,,,,,,,,,
U2_20141016_scaffold_66_3_1,Bacteria,Firmicutes,Clostridia,Halanaerobiales,Halanaerobiaceae,Halanaerobium,sp. sapolanicus,,,,,,,,,
M5_20160303_scaffold_416_14_1,Bacteria,Firmicutes,Clostridia,Halanaerobiales,Halanaerobiaceae,Halanaerobium,sp. sapolanicus,,,,,,,,,
M5_20160217_scaffold_8365_3_1,Bacteria,Firmicutes,Clostridia,Halanaerobiales,Halanaerobiaceae,Halanaerobium,sp. sapolanicus,,,,,,,,,
M1_T082_scaffold_6627_3_1,Bacteria,Firmicutes,Clostridia,Halanaerobiales,Halanaerobiaceae,Halanaerobium,sp. sapolanicus,,,,,,,,,
U3_Day087_scaffold_77_4_1,Bacteria,Firmicutes,Clostridia,Halanaerobiales,Halanaerobiaceae,Halanaerobium,sp. sapolanicus,,,,,,,,,
M4_20151222_scaffold_539_9_1,Bacteria,Firmicutes,Clostridia,Halanaerobiales,Halanaerobiaceae,Halanaerobium,sp. sapolanicus,,,,,,,,,
M4_20160406_scaffold_4157_5_1,Bacteria,Firmicutes,Clostridia,Halanaerobiales,Halanaerobiaceae,Halanaerobium,sp. sapolanicus,,,,,,,,,
M4_20160203_scaffold_8902_1_1,Bacteria,Firmicutes,Clostridia,Halanaerobiales,Halanaerobiaceae,Halanaerobium,sp. sapolanicus,,,,,,,,,
M4_20160203_scaffold_3492_5_1,Bacteria,Firmicutes,Clostridia,Halanaerobiales,Halanaerobiaceae,Halanaerobium,sp. sapolanicus,,,,,,,,,
U2_20141011_scaffold_293_5_1,Bacteria,Firmicutes,Clostridia,Halanaerobiales,Halanaerobiaceae,Halanaerobium,sp. sapolanicus,,,,,,,,,
M1_T000_scaffold_416_30_1,Bacteria,Firmicutes,Clostridia,Halanaerobiales,Halanaerobiaceae,Halanaerobium,sp. sapolanicus,,,,,,,,,
U3_Input2RT_scaffold_73679_3_1,Bacteria,Firmicutes,Clostridia,Halanaerobiales,Halanaerobiaceae,Halanaerobium,sp. sapolanicus,,,,,,,,,
U3_Input2RT_scaffold_30389_3_1,Bacteria,Firmicutes,Clostridia,Halanaerobiales,Halanaerobiaceae,Halanaerobium,sp. sapolanicus,,,,,,,,,
M4_20160608_scaffold_287_15_1,Bacteria,Firmicutes,Clostridia,Halanaerobiales,Halanaerobiaceae,Halanaerobium,sp. sapolanicus,,,,,,,,,
U2_20141203_scaffold_3_9_1,Bacteria,Firmicutes,Clostridia,Halanaerobiales,Halobacteroidaceae,Acetohalobium,arabaticum,DSM,5501,,,,,,,
M1_T082_scaffold_4220_5_1,Bacteria,Firmicutes,Clostridia,Halanaerobiales,Halobacteroidaceae,Acetohalobium,arabaticum,DSM,5501,,,,,,,
U3_Day009_scaffold_129_19_1,Bacteria,Firmicutes,Clostridia,Halanaerobiales,Halobacteroidaceae,Acetohalobium,arabaticum,DSM,5501,,,,,,,
M4_20160608_scaffold_198_16_1,Bacteria,Firmicutes,Clostridia,Halanaerobiales,Halobacteroidaceae,Acetohalobium,arabaticum,DSM,5501,,,,,,,
U2_20141010_scaffold_2028_2_1,Bacteria,Firmicutes,Clostridia,Halanaerobiales,Halobacteroidaceae,Halobacteroides,halobius,MD,1,DSM,5150,,,,,
M5_20160406_scaffold_1287_9_1,Bacteria,Firmicutes,Clostridia,Halanaerobiales,Halobacteroidaceae,Orenia,marismortui,DSM,5156,,,,,,,
M4_20160406_scaffold_149_29_1,Bacteria,Firmicutes,Clostridia,Halanaerobiales,Halobacteroidaceae,Orenia,marismortui,DSM,5156,,,,,,,
M5_20160713_scaffold_30_32_1,Bacteria,Firmicutes,Clostridia,Halanaerobiales,Halobacteroidaceae,Orenia,marismortui,DSM,5156,,,,,,,
M4_20151211_scaffold_124_31_1,Bacteria,Firmicutes,Clostridia,Thermoanaerobacterales,Thermoanaerobacteraceae,Desulfovirgula,thermocuniculi,DSM,16036,,,,,,,
M4_20151220_scaffold_37_9_1,Bacteria,Firmicutes,Clostridia,Thermoanaerobacterales,Thermoanaerobacteraceae,Moorella,thermoacetica,ATCC,39073,,,,,,,
U2_20141105_scaffold_634_2_1,Bacteria,Firmicutes,Clostridia,Thermoanaerobacterales,Thermoanaerobacteraceae,Thermoanaerobacter,italicus,Ab9,,,,,,,,
M4_20151211_scaffold_690_8_1,Bacteria,Firmicutes,Clostridia,Thermoanaerobacterales,Thermoanaerobacteraceae,Thermoanaerobacter,italicus,Ab9,,,,,,,,
M4_20151222_scaffold_1529_2_1,Bacteria,Firmicutes,Clostridia,Thermoanaerobacterales,Thermoanaerobacteraceae,Thermoanaerobacter,italicus,Ab9,,,,,,,,
M5_20151222_scaffold_4659_2_1,Bacteria,Firmicutes,Clostridia,Thermoanaerobacterales,Thermoanaerobacteraceae,Thermoanaerobacter,italicus,Ab9,,,,,,,,
M4_20160203_scaffold_1088_1_1,Bacteria,Firmicutes,Clostridia,Thermoanaerobacterales,Thermoanaerobacteraceae,Thermoanaerobacter,italicus,Ab9,,,,,,,,
U2_20140711HT_scaffold_746_10_1,Bacteria,Firmicutes,Erysipelotrichi,Erysipelotrichales,Erysipelotrichaceae,Erysipelotrichaceae,bacterium,AP9,,,,,,,,
U2_20140711LW_scaffold_24110_2_1,Bacteria,Firmicutes,Erysipelotrichi,Erysipelotrichales,Erysipelotrichaceae,Holdemania,sp.,AP2,,,,,,,,
U2_20140711HT_scaffold_476_20_1,Bacteria,Firmicutes,Erysipelotrichi,Erysipelotrichales,Erysipelotrichaceae,Holdemania,sp.,AP2,,,,,,,,
U2_20140711HT_scaffold_46760_3_1,Bacteria,Firmicutes,Negativicutes,Selenomonadales,Veillonellaceae,Sporolituus,thermophilus,DSM,23256,,,,,,,
U2_20140711FC_scaffold_1499_10_1,Bacteria,Melainabacteria,Gastranaerophilaceae,Gastranaerophilaceae,Gastranaerophilaceae,Zag,111,,,,,,,,,
U2_20140716FC_scaffold_7521_3_1,Bacteria,Melainabacteria,Melainabacteria,Melainabacteria,Melainabacteria,Melainabacteria,Melainabacteria,,,,,,,,,
U2_20140711HT_scaffold_1468_9_1,Bacteria,Planctomycetes,Phycisphaerae,Phycisphaerales,Phycisphaeraceae,Phycisphaera,mikurensis,NBRC,102666,,,,,,,
U2_20140711FC_scaffold_1708_9_1,Bacteria,Planctomycetes,Phycisphaerae,Phycisphaerales,Phycisphaeraceae,Phycisphaera,mikurensis,NBRC,102666,,,,,,,
U2_20140716FC_scaffold_90_21_1,Bacteria,Planctomycetes,Phycisphaerae,Phycisphaerales,Phycisphaeraceae,Phycisphaera,mikurensis,NBRC,102666,,,,,,,
U2_20140711HT_scaffold_1783_16_1,Bacteria,Planctomycetes,Phycisphaerae,Phycisphaerales,Phycisphaeraceae,Phycisphaera,mikurensis,NBRC,102666,,,,,,,
U2_20140711FC_scaffold_24293_3_1,Bacteria,Planctomycetes,Phycisphaerae,Phycisphaerales,Phycisphaeraceae,Phycisphaera,mikurensis,NBRC,102666,,,,,,,
U2_20140711LW_scaffold_1367_9_1,Bacteria,Planctomycetes,Phycisphaerae,Phycisphaerales,Phycisphaeraceae,Phycisphaera,mikurensis,NBRC,102666,,,,,,,
U2_20140711FC_scaffold_6085_4_1,Bacteria,Planctomycetes,Planctomycetia,Planctomycetales,Planctomycetaceae,Pirellula,staleyi,DSM,6068,,,,,,,
U2_20140711HT_scaffold_5389_15_1,Bacteria,Planctomycetes,Planctomycetia,Planctomycetales,Planctomycetaceae,Pirellula,staleyi,DSM,6068,,,,,,,
U2_20140716FC_scaffold_7312_4_1,Bacteria,Plantomycetes,Plantomycetes,Plantomycetes,Plantomycetes,Plantomycetes,Plantomycetes,,,,,,,,,
U3_Day001_scaffold_1015_17_1,Bacteria,Proteobacteria,Alphaproteobacteria,Caulobacterales,Caulobacteraceae,Asticcacaulis,excentricus,CB,48,1,,,,,,
U2_20140711LW_scaffold_7274_2_1,Bacteria,Proteobacteria,Alphaproteobacteria,Caulobacterales,Caulobacteraceae,Phenylobacterium,zucineum,HLK1,,,,,,,,
M4_20160406_scaffold_1320_10_1,Bacteria,Proteobacteria,Alphaproteobacteria,Caulobacterales,Caulobacteraceae,Phenylobacterium,zucineum,HLK1,,,,,,,,
M1_T000_scaffold_9213_7_1,Bacteria,Proteobacteria,Alphaproteobacteria,Rhizobiales,Phyllobacteriaceae,Hoeflea,phototrophica,DFL,43,,,,,,,
U2_20140711HT_scaffold_69948_2_1,Bacteria,Proteobacteria,Alphaproteobacteria,Rhodobacterales,Hyphomonadaceae,Hyphomonas,neptunium,ATCC,15444,,,,,,,
U2_20140711FC_scaffold_6174_5_1,Bacteria,Proteobacteria,Alphaproteobacteria,Rhodobacterales,Hyphomonadaceae,Hyphomonas,neptunium,ATCC,15444,,,,,,,
M1_T000_scaffold_227_40_1,Bacteria,Proteobacteria,Alphaproteobacteria,Rhodobacterales,Rhodobacteraceae,Celeribacter,sp.,P73,complete,genome,,,,,,
M1_T000_scaffold_24521_2_1,Bacteria,Proteobacteria,Alphaproteobacteria,Rhodobacterales,Rhodobacteraceae,Nereida,ignava,DSM,16309,,,,,,,
U2_20140711FC_scaffold_900_22_1,Bacteria,Proteobacteria,Alphaproteobacteria,Rhodospirillales,Acetobacteraceae,Belnapia,moabensis,DSM,16746,,,,,,,
U2_20140711FC_scaffold_20325_3_1,Bacteria,Proteobacteria,Alphaproteobacteria,Rhodospirillales,Rhodospirillaceae,Azospirillum,irakense,DSM,11586,,,,,,,
M4_20160406_scaffold_11771_2_1,Bacteria,Proteobacteria,Alphaproteobacteria,Rhodospirillales,Rhodospirillaceae,Magnetospirillum,magneticum,AMB,1,,,,,,,
U2_20140711HT_scaffold_23995_4_1,Bacteria,Proteobacteria,Alphaproteobacteria,Rhodospirillales,Rhodospirillaceae,Rhodospirillum,rubrum,S1,ATCC,11170,,,,,,
U3_Day017_scaffold_22168_1_1,Bacteria,Proteobacteria,Alphaproteobacteria,Sphingomonadales,Erythrobacteraceae,Porphyrobacter,sp.,AAP82,,,,,,,,
U3_Day017_scaffold_868_2_1,Bacteria,Proteobacteria,Alphaproteobacteria,Sphingomonadales,Erythrobacteraceae,Porphyrobacter,sp.,AAP82,,,,,,,,
U2_20140711FC_scaffold_1787_4_1,Bacteria,Proteobacteria,Alphaproteobacteria,Sphingomonadales,Sphingomonadaceae,Sandarakinorhabdus,sp.,AAP62,,,,,,,,
U2_20140711FC_scaffold_12660_1_1,Bacteria,Proteobacteria,Alphaproteobacteria,Sphingomonadales,Sphingomonadaceae,Sphingobium,japonicum,UT26S,1,,,,,,,
U3_Day001_scaffold_18517_1_1,Bacteria,Proteobacteria,Alphaproteobacteria,Bdellovibrionales,Bdellovibrionaceae,Micavibrio,aeruginosavorus,ARL,13,,,,,,,
U2_20140711LW_scaffold_24953_1_1,Bacteria,Proteobacteria,Alphaproteobacteria,SAR11,SAR11,Candidatus Pelagibacter,sp.,IMCC9063,,,,,,,,
U2_20140711FC_scaffold_81561_1_1,Bacteria,Proteobacteria,Alphaproteobacteria,SAR11,SAR11,Candidatus Pelagibacter,sp.,IMCC9063,,,,,,,,
U2_20140711HT_scaffold_31731_3_1,Bacteria,Proteobacteria,Alphaproteobacteria,SAR11,SAR11,Candidatus Pelagibacter,sp.,IMCC9063,,,,,,,,
U2_20140711HT_scaffold_24049_2_1,Bacteria,Proteobacteria,Alphaproteobacteria,SAR11,SAR11,Candidatus Pelagibacter,sp.,IMCC9063,,,,,,,,
U3_Day001_scaffold_14050_1_1,Bacteria,Proteobacteria,Betaproteobacteria,Burkholderiales,Alcaligenaceae,Achromobacter,xylosoxidans,NBRC,15126,ATCC,27061,,,,,
U3_Day001_scaffold_6_8_1,Bacteria,Proteobacteria,Betaproteobacteria,Burkholderiales,Burkholderiaceae,Pandoraea,pnomenusa,RB38,,,,,,,,
U2_20140711FC_scaffold_6447_2_1,Bacteria,Proteobacteria,Betaproteobacteria,Burkholderiales,Burkholderiaceae,Polynucleobacter,necessarius,asymbioticus,MWH,MoK4,closed,genome,,,,
U2_20140711HT_scaffold_5636_9_1,Bacteria,Proteobacteria,Betaproteobacteria,Burkholderiales,Burkholderiaceae,Polynucleobacter,necessarius,asymbioticus,MWH,MoK4,closed,genome,,,,
U2_20140716FC_scaffold_176_37_1,Bacteria,Proteobacteria,Betaproteobacteria,Burkholderiales,Burkholderiaceae,Polynucleobacter,necessarius,asymbioticus,MWH,MoK4,closed,genome,,,,
U2_20140711HT_scaffold_4474_7_1,Bacteria,Proteobacteria,Betaproteobacteria,Burkholderiales,Burkholderiaceae,Polynucleobacter,necessarius,asymbioticus,MWH,MoK4,closed,genome,,,,
U2_20140711FC_scaffold_4099_9_1,Bacteria,Proteobacteria,Betaproteobacteria,Burkholderiales,Burkholderiaceae,Polynucleobacter,necessarius,asymbioticus,MWH,MoK4,closed,genome,,,,
U2_20140711FC_scaffold_3471_12_1,Bacteria,Proteobacteria,Betaproteobacteria,Burkholderiales,Burkholderiaceae,Polynucleobacter,necessarius,asymbioticus,MWH,MoK4,closed,genome,,,,
U3_Day017_scaffold_2654_8_1,Bacteria,Proteobacteria,Betaproteobacteria,Burkholderiales,Burkholderiaceae,Polynucleobacter,necessarius,asymbioticus,MWH,MoK4,closed,genome,,,,
U3_Day017_scaffold_135_9_1,Bacteria,Proteobacteria,Betaproteobacteria,Burkholderiales,Comamonadaceae,Caldimonas,manganoxidans,ATCC,BAA,369,,,,,,
U3_Day017_scaffold_6722_1_1,Bacteria,Proteobacteria,Betaproteobacteria,Burkholderiales,Comamonadaceae,Caldimonas,manganoxidans,ATCC,BAA,369,,,,,,
U3_Input2RT_scaffold_4218_4_1,Bacteria,Proteobacteria,Betaproteobacteria,Burkholderiales,Comamonadaceae,Caldimonas,manganoxidans,ATCC,BAA,369,,,,,,
U3_Day001_scaffold_11732_3_1,Bacteria,Proteobacteria,Betaproteobacteria,Burkholderiales,Comamonadaceae,Comamonas,testosteroni,TK102,,,,,,,,
U2_20140711FC_scaffold_19888_1_1,Bacteria,Proteobacteria,Betaproteobacteria,Burkholderiales,Comamonadaceae,Giesbergeria,anulus,ATCC,35958,,,,,,,
U2_20140711FC_scaffold_67344_4_1,Bacteria,Proteobacteria,Betaproteobacteria,Burkholderiales,Comamonadaceae,Hylemonella,gracilis,ATCC,19624,,,,,,,
U2_20140716FC_scaffold_19700_4_1,Bacteria,Proteobacteria,Betaproteobacteria,Burkholderiales,Comamonadaceae,Limnohabitans,sp.,Rim28,Limnohabitans,sp.,Rim28,73,Contigs,,,
U3_Input2RT_scaffold_39575_2_1,Bacteria,Proteobacteria,Betaproteobacteria,Burkholderiales,Comamonadaceae,Rhodoferax,CG,Rhodof,3,,,,,,,
U3_Day017_scaffold_522_13_1,Bacteria,Proteobacteria,Betaproteobacteria,Burkholderiales,Comamonadaceae,Rhodoferax,CG,Rhodof,4,,,,,,,
U3_Day017_scaffold_2065_4_1,Bacteria,Proteobacteria,Betaproteobacteria,Burkholderiales,Comamonadaceae,Rhodoferax,CG,Rhodof,3,,,,,,,
U3_Day017_scaffold_15186_1_1,Bacteria,Proteobacteria,Betaproteobacteria,Burkholderiales,Comamonadaceae,Rhodoferax,CG,Rhodof,3,,,,,,,
U3_Day001_scaffold_22743_1_1,Bacteria,Proteobacteria,Betaproteobacteria,Burkholderiales,Comamonadaceae,Rhodoferax,CG,Rhodof,3,,,,,,,
U3_Input2FT_scaffold_28279_1_1,Bacteria,Proteobacteria,Betaproteobacteria,Burkholderiales,Comamonadaceae,Rhodoferax,CG,Rhodof,4,,,,,,,
U2_20140711FC_scaffold_16357_4_1,Bacteria,Proteobacteria,Betaproteobacteria,Burkholderiales,Comamonadaceae,Rhodoferax,CG,Rhodof,4,,,,,,,
U3_Input2FT_scaffold_59870_2_1,Bacteria,Proteobacteria,Betaproteobacteria,Burkholderiales,Burkholderiales Genera incertae sedis,Ideonella,sp.,B508,1,,,,,,,
U2_20140711FC_scaffold_2074_9_1,Bacteria,Proteobacteria,Betaproteobacteria,Burkholderiales,Burkholderiales Genera incertae sedis,Ideonella,sp.,B508,1,,,,,,,
M5_20160217_scaffold_11071_3_1,Bacteria,Proteobacteria,Betaproteobacteria,Burkholderiales,Burkholderiales Genera incertae sedis,Mitsuaria,sp.,H24L5A,,,,,,,,
U3_Input2FT_scaffold_117379_4_1,Bacteria,Proteobacteria,Betaproteobacteria,Burkholderiales,Burkholderiales Genera incertae sedis,Ideonella,sp.,B508,1,,,,,,,
U3_Input2RT_scaffold_3877_7_1,Bacteria,Proteobacteria,Betaproteobacteria,Burkholderiales,Burkholderiales Genera incertae sedis,Ideonella,sp.,B508,1,,,,,,,
U3_Day017_scaffold_474_7_1,Bacteria,Proteobacteria,Betaproteobacteria,Burkholderiales,Burkholderiales Genera incertae sedis,Ideonella,sp.,B508,1,,,,,,,
U3_Input2FT_scaffold_76697_2_1,Bacteria,Proteobacteria,Betaproteobacteria,Burkholderiales,Burkholderiales Genera incertae sedis,Mitsuaria,sp.,H24L5A,,,,,,,,
U3_Day001_scaffold_19959_2_1,Bacteria,Proteobacteria,Betaproteobacteria,Methylophilales,Methylophilaceae,Methylophilus,methylotrophus,ATCC,53528,,,,,,,
U2_20140711HT_scaffold_1286_23_1,Bacteria,Proteobacteria,Betaproteobacteria,Methylophilales,Methylophilaceae,Methylotenera,sp.,301,,,,,,,,
U3_Input2FT_scaffold_1127_7_1,Bacteria,Proteobacteria,Betaproteobacteria,Methylophilales,Methylophilaceae,Methylotenera,sp.,301,,,,,,,,
U2_20140711LW_scaffold_7607_1_1,Bacteria,Proteobacteria,Betaproteobacteria,Methylophilales,Methylophilaceae,Methylotenera,sp.,301,,,,,,,,
U2_20140711HT_scaffold_19643_3_1,Bacteria,Proteobacteria,Betaproteobacteria,Methylophilales,Methylophilaceae,Methylovorus,sp.,SIP3,4,,,,,,,
U3_Input2FT_scaffold_140_42_1,Bacteria,Proteobacteria,Betaproteobacteria,Neisseriales,Neisseriaceae,Microvirgula,aerodenitrificans,DSM,15089,,,,,,,
U2_20140711FC_scaffold_164_9_1,Bacteria,Proteobacteria,Betaproteobacteria,Neisseriales,Neisseriaceae,Microvirgula,aerodenitrificans,DSM,15089,,,,,,,
U3_Input2FT_scaffold_2309_6_1,Bacteria,Proteobacteria,Betaproteobacteria,Rhodocyclales,Rhodocyclaceae,Azonexus,hydrophilus,DSM,23864,,,,,,,
U3_Day017_scaffold_540_14_1,Bacteria,Proteobacteria,Betaproteobacteria,Rhodocyclales,Rhodocyclaceae,Azonexus,hydrophilus,DSM,23864,,,,,,,
U3_Day001_scaffold_6950_7_1,Bacteria,Proteobacteria,Betaproteobacteria,Rhodocyclales,Rhodocyclaceae,Dechloromonas,aromatica,RCB,,,,,,,,
U3_Day017_scaffold_223_25_1,Bacteria,Proteobacteria,Betaproteobacteria,Rhodocyclales,Rhodocyclaceae,Dechlorosoma,suillum,PS,,,,,,,,
U2_20140711HT_scaffold_3_162_1,Bacteria,Proteobacteria,Betaproteobacteria,Rhodocyclales,Rhodocyclaceae,Uliginosibacterium,gangwonense,DSM,18521,,,,,,,
U2_20140711FC_scaffold_311_36_1,Bacteria,Proteobacteria,Betaproteobacteria,Rhodocyclales,Rhodocyclaceae,Uliginosibacterium,gangwonense,DSM,18521,,,,,,,
U3_Day001_scaffold_6250_4_1,Bacteria,Proteobacteria,Betaproteobacteria,Betaproteobacteria,Betaproteobacteria,Candidatus Accumulibacter,phosphatis,clade,IIA,str.,UW,1,,,,
U2_20140711HT_scaffold_2542_11_1,Bacteria,Proteobacteria,Deltaproteobacteria,Bdellovibrionales,Bacteriovoracaceae,Bacteriovorax,marinus,SJ,,,,,,,,
U3_Input2RT_scaffold_1734_8_1,Bacteria,Proteobacteria,Deltaproteobacteria,Desulfovibrionales,Desulfohalobiaceae,Desulfonatronovibrio,hydrogenovorans,DSM,9292,,,,,,,
M5_20160217_scaffold_1927_7_1,Bacteria,Proteobacteria,Deltaproteobacteria,Desulfuromonadales,Geobacteraceae,Geoalkalibacter,ferrihydriticus,DSM,17813,,,,,,,
U2_20140711FC_scaffold_68076_2_1,Bacteria,Proteobacteria,Deltaproteobacteria,Desulfuromonadales,Geobacteraceae,Geobacter,lovleyi,SZ,,,,,,,,
M1_T000_scaffold_3541_2_1,Bacteria,Proteobacteria,Deltaproteobacteria,Desulfuromonadales,Pelobacteraceae,Pelobacter,carbinolicus,DSM,2380,,,,,,,
M5_20160217_scaffold_1259_16_1,Bacteria,Proteobacteria,Epsilonproteobacteria,Campylobacterales,Campylobacteraceae,Arcobacter,nitrofigilis,DSM,7299,,,,,,,
M4_20160406_scaffold_2944_6_1,Bacteria,Proteobacteria,Epsilonproteobacteria,Campylobacterales,Campylobacteraceae,Arcobacter,nitrofigilis,DSM,7299,,,,,,,
M1_T007_scaffold_728_14_1,Bacteria,Proteobacteria,Epsilonproteobacteria,Campylobacterales,Campylobacteraceae,Arcobacter,nitrofigilis,DSM,7299,,,,,,,
M1_T000_scaffold_3968_9_1,Bacteria,Proteobacteria,Epsilonproteobacteria,Campylobacterales,Campylobacteraceae,Arcobacter,nitrofigilis,DSM,7299,,,,,,,
M1_T000_scaffold_4521_4_1,Bacteria,Proteobacteria,Epsilonproteobacteria,Campylobacterales,Campylobacteraceae,Sulfurospirillum,barnesii,SES,3,,,,,,,
U3_Input2FT_scaffold_9498_4_1,Bacteria,Proteobacteria,Gammaproteobacteria,Aeromonadales,Aeromonadaceae,Aeromonas,hydrophila,AL09,71,,,,,,,
M1_T013_scaffold_37_20_1,Bacteria,Proteobacteria,Gammaproteobacteria,Alteromonadales,Idiomarinaceae,Idiomarina,loihiensis,L2TR,,,,,,,,
M4_20151222_scaffold_3320_2_1,Bacteria,Proteobacteria,Gammaproteobacteria,Alteromonadales,Pseudoalteromonadaceae,Algicola,sagamiensis,DSM,14643,,,,,,,
M1_T000_scaffold_579_57_1,Bacteria,Proteobacteria,Gammaproteobacteria,Alteromonadales,Pseudoalteromonadaceae,Algicola,sagamiensis,DSM,14643,,,,,,,
U3_Input2RT_scaffold_133_7_1,Bacteria,Proteobacteria,Gammaproteobacteria,Alteromonadales,Pseudoalteromonadaceae,Algicola,sagamiensis,DSM,14643,,,,,,,
U3_Input2RT_scaffold_292_30_1,Bacteria,Proteobacteria,Gammaproteobacteria,Alteromonadales,Shewanellaceae,Shewanella,oneidensis,MR,1,,,,,,,
M1_T000_scaffold_3353_9_1,Bacteria,Proteobacteria,Gammaproteobacteria,Chromatiales,Chromatiaceae,Allochromatium,vinosum,DSM,180,,,,,,,
U2_20140716FC_scaffold_405_10_1,Bacteria,Proteobacteria,Gammaproteobacteria,Chromatiales,Chromatiaceae,Marichromatium,purpuratum,987,,,,,,,,
U2_20140711HT_scaffold_5544_7_1,Bacteria,Proteobacteria,Gammaproteobacteria,Chromatiales,Chromatiaceae,Marichromatium,purpuratum,987,,,,,,,,
U2_20140711FC_scaffold_664_38_1,Bacteria,Proteobacteria,Gammaproteobacteria,Chromatiales,Chromatiaceae,Marichromatium,purpuratum,987,,,,,,,,
U3_Input2RT_scaffold_7128_1_1,Bacteria,Proteobacteria,Gammaproteobacteria,Oceanospirillales,Halomonadaceae,Chromohalobacter,salexigens,1H11,DSM,3043,,,,,,
U3_Input2RT_scaffold_562_24_1,Bacteria,Proteobacteria,Gammaproteobacteria,Oceanospirillales,Halomonadaceae,Chromohalobacter,salexigens,1H11,DSM,3043,,,,,,
M1_T000_scaffold_153_25_1,Bacteria,Proteobacteria,Gammaproteobacteria,Oceanospirillales,Halomonadaceae,Cobetia,marina,KMM,296,,,,,,,
U3_Input2RT_scaffold_304_11_1,Bacteria,Proteobacteria,Gammaproteobacteria,Oceanospirillales,Halomonadaceae,Halomonas,elongata,DSM,2581,,,,,,,
U3_Input2RT_scaffold_1799_5_1,Bacteria,Proteobacteria,Gammaproteobacteria,Oceanospirillales,Halomonadaceae,Halomonas,elongata,DSM,2581,,,,,,,
M1_T000_scaffold_5935_9_1,Bacteria,Proteobacteria,Gammaproteobacteria,Oceanospirillales,Oceanospirillaceae,Amphritea,japonica,ATCC,BAA,1530,,,,,,
U3_Input2RT_scaffold_44711_2_1,Bacteria,Proteobacteria,Gammaproteobacteria,Oceanospirillales,Oceanospirillaceae,Neptuniibacter,caesariensis,MED92,,,,,,,,
M1_T007_scaffold_2508_9_1,Bacteria,Proteobacteria,Gammaproteobacteria,Oceanospirillales,Oceanospirillaceae,Neptuniibacter,caesariensis,MED92,,,,,,,,
M5_20151222_scaffold_23_9_1,Bacteria,Proteobacteria,Gammaproteobacteria,Oceanospirillales,Oceanospirillaceae,Neptuniibacter,caesariensis,MED92,,,,,,,,
M1_T082_scaffold_7477_2_1,Bacteria,Proteobacteria,Gammaproteobacteria,Oceanospirillales,Oceanospirillaceae,Neptuniibacter,caesariensis,MED92,,,,,,,,
U3_Day001_scaffold_244_9_1,Bacteria,Proteobacteria,Gammaproteobacteria,Oceanospirillales,Oceanospirillaceae,Neptuniibacter,caesariensis,MED92,,,,,,,,
M1_T000_scaffold_5095_9_1,Bacteria,Proteobacteria,Gammaproteobacteria,Oceanospirillales,Oceanospirillaceae,Neptuniibacter,caesariensis,MED92,,,,,,,,
M1_T013_scaffold_943_6_1,Bacteria,Proteobacteria,Gammaproteobacteria,Oceanospirillales,Oceanospirillaceae,Neptuniibacter,caesariensis,MED92,,,,,,,,
U3_Day009_scaffold_1067_7_1,Bacteria,Proteobacteria,Gammaproteobacteria,Oceanospirillales,Oceanospirillaceae,Neptuniibacter,caesariensis,MED92,,,,,,,,
U3_Day001_scaffold_22593_4_1,Bacteria,Proteobacteria,Gammaproteobacteria,Oceanospirillales,Oceanospirillaceae,Nitrincola,lacisaponensis,4CA,,,,,,,,
U3_Day001_scaffold_13936_3_1,Bacteria,Proteobacteria,Gammaproteobacteria,Oceanospirillales,Oceanospirillaceae,Nitrincola,lacisaponensis,4CA,,,,,,,,
M4_20151220_scaffold_243_11_1,Bacteria,Proteobacteria,Gammaproteobacteria,Pseudomonadales,Moraxellaceae,Acinetobacter,baumannii,AB30,,,,,,,,
M4_20151211_scaffold_4994_2_1,Bacteria,Proteobacteria,Gammaproteobacteria,Pseudomonadales,Moraxellaceae,Acinetobacter,baumannii,AB30,,,,,,,,
U3_Input2FT_scaffold_8082_3_1,Bacteria,Proteobacteria,Gammaproteobacteria,Pseudomonadales,Moraxellaceae,Acinetobacter,baumannii,AB30,,,,,,,,
U3_Input2FT_scaffold_3504_7_1,Bacteria,Proteobacteria,Gammaproteobacteria,Pseudomonadales,Moraxellaceae,Acinetobacter,baumannii,AB30,,,,,,,,
U2_20140711FC_scaffold_3367_11_1,Bacteria,Proteobacteria,Gammaproteobacteria,Pseudomonadales,Moraxellaceae,Acinetobacter,baumannii,AB30,,,,,,,,
U3_Input2FT_scaffold_21626_3_1,Bacteria,Proteobacteria,Gammaproteobacteria,Pseudomonadales,Moraxellaceae,Perlucidibaca,piscinae,DSM,21586,,,,,,,
U3_Input2FT_scaffold_12704_3_1,Bacteria,Proteobacteria,Gammaproteobacteria,Pseudomonadales,Moraxellaceae,Perlucidibaca,piscinae,DSM,21586,,,,,,,
U3_Input2FT_scaffold_21624_7_1,Bacteria,Proteobacteria,Gammaproteobacteria,Pseudomonadales,Moraxellaceae,Perlucidibaca,piscinae,DSM,21586,,,,,,,
U3_Day001_scaffold_22210_1_1,Bacteria,Proteobacteria,Gammaproteobacteria,Pseudomonadales,Pseudomonadaceae,Azotobacter,group,Azotobacter,vinelandii,CA6,,,,,,
U2_20140711FC_scaffold_15403_9_1,Bacteria,Proteobacteria,Gammaproteobacteria,Pseudomonadales,Pseudomonadaceae,Azotobacter,group,Azotobacter,vinelandii,CA6,,,,,,
U3_Day017_scaffold_2826_7_1,Bacteria,Proteobacteria,Gammaproteobacteria,Pseudomonadales,Pseudomonadaceae,Azotobacter,group,Azotobacter,vinelandii,CA6,,,,,,
U2_20140716FC_scaffold_38293_2_1,Bacteria,Proteobacteria,Gammaproteobacteria,Pseudomonadales,Pseudomonadaceae,Pseudomonas,aeruginosa,B136,33,,,,,,,
M1_T000_scaffold_34285_2_1,Bacteria,Proteobacteria,Gammaproteobacteria,Pseudomonadales,Pseudomonadaceae,Pseudomonas,aeruginosa,B136,33,,,,,,,
U3_Input2RT_scaffold_731_22_1,Bacteria,Proteobacteria,Gammaproteobacteria,Pseudomonadales,Pseudomonadaceae,Pseudomonas,aeruginosa,B136,33,,,,,,,
M1_T000_scaffold_17494_1_1,Bacteria,Proteobacteria,Gammaproteobacteria,Pseudomonadales,Pseudomonadaceae,Pseudomonas,aeruginosa,B136,33,,,,,,,
U3_Input2FT_scaffold_1339_22_1,Bacteria,Proteobacteria,Gammaproteobacteria,Pseudomonadales,Pseudomonadaceae,Pseudomonas,aeruginosa,B136,33,,,,,,,
M5_20160217_scaffold_555_9_1,Bacteria,Proteobacteria,Gammaproteobacteria,Pseudomonadales,Pseudomonadaceae,Pseudomonas,aeruginosa,B136,33,,,,,,,
U3_Input2RT_scaffold_3191_7_1,Bacteria,Proteobacteria,Gammaproteobacteria,Thiotrichales,Piscirickettsiaceae,Methylophaga,frappieri,JAM7,,,,,,,,
U3_Input2FT_scaffold_1130_6_1,Bacteria,Proteobacteria,Gammaproteobacteria,Thiotrichales,Thiotrichaceae,Beggiatoa,sp.,Orange,Guaymas,,,,,,,
U3_Input2RT_scaffold_44380_2_1,Bacteria,Proteobacteria,Gammaproteobacteria,unclassified,Gammaproteobacteria,Solimonas,soli,DSM,21787,,,,,,,
M1_T007_scaffold_2661_3_1,Bacteria,Proteobacteria,Gammaproteobacteria,Vibrionales,Vibrionaceae,Vibrio,anguillarum,775,I,,,,,,,
M1_T007_scaffold_4332_1_1,Bacteria,Proteobacteria,Gammaproteobacteria,Vibrionales,Vibrionaceae,Vibrio,anguillarum,775,I,,,,,,,
U3_Input2RT_scaffold_1353_9_1,Bacteria,Proteobacteria,Gammaproteobacteria,Xanthomonadales,Sinobacteraceae,Nevskia,ramosa,DSM,11499,,,,,,,
U3_Day059_scaffold_2087_3_1,Bacteria,Proteobacteria,Gammaproteobacteria,Xanthomonadales,Xanthomonadaceae,Stenotrophomonas,maltophilia,K279a,,,,,,,,
U2_20140711FC_scaffold_8731_7_1,Bacteria,RIF-CHLX-RBG16,RIF-CHLX-RBG16,RIF-CHLX-RBG16,RIF-CHLX-RBG16,RIF-CHLX-RBG16,RIF-CHLX-RBG16,,,,,,,,,
U2_20140711LW_scaffold_9439_4_1,Bacteria,RIF-CHLX-RBG16,RIF-CHLX-RBG16,RIF-CHLX-RBG16,RIF-CHLX-RBG16,RIF-CHLX-RBG16,RIF-CHLX-RBG16,,,,,,,,,
U2_20140716FC_scaffold_4060_9_1,Bacteria,RIF-CHLX-RBG16,RIF-CHLX-RBG16,RIF-CHLX-RBG16,RIF-CHLX-RBG16,RIF-CHLX-RBG16,RIF-CHLX-RBG16,,,,,,,,,
U2_20140711HT_scaffold_24375_1_1,Bacteria,RIF-CHLX-RBG16,RIF-CHLX-RBG16,RIF-CHLX-RBG16,RIF-CHLX-RBG16,RIF-CHLX-RBG16,RIF-CHLX-RBG16,,,,,,,,,
U2_20140711HT_scaffold_46456_6_1,Bacteria,RIF3-RBG16,RIF3-RBG17,RIF3-RBG18,RIF3-RBG19,RIF3-RBG20,RIF3-RBG21,,,,,,,,,
M1_T000_scaffold_20864_3_1,Bacteria,Spirochaetes,Spirochaetia,Spirochaetales,Spirochaetaceae,Spirochaeta,sp. Buddy,,,,,,,,,
M4_20160608_scaffold_15_12_1,Bacteria,Thermodesulfobacteria,Thermodesulfobacteria,Thermodesulfobacteriales,Thermodesulfobacteriaceae,Thermodesulfobacterium,commune,DSM,2178,,,,,,,
M1_T328_scaffold_44_24_1,Bacteria,Thermodesulfobacteria,Thermodesulfobacteria,Thermodesulfobacteriales,Thermodesulfobacteriaceae,Thermodesulfobacterium,commune,DSM,2178,,,,,,,
U2_20141022_scaffold_457_9_1,Bacteria,Thermodesulfobacteria,Thermodesulfobacteria,Thermodesulfobacteriales,Thermodesulfobacteriaceae,Thermodesulfobacterium,commune,DSM,2178,,,,,,,
U2_20141020_scaffold_201_8_1,Bacteria,Thermodesulfobacteria,Thermodesulfobacteria,Thermodesulfobacteriales,Thermodesulfobacteriaceae,Thermodesulfobacterium,commune,DSM,2178,,,,,,,
M1_T082_scaffold_449_6_1,Bacteria,Thermodesulfobacteria,Thermodesulfobacteria,Thermodesulfobacteriales,Thermodesulfobacteriaceae,Thermodesulfobacterium,thermophilum,DSM,1276,,,,,,,
M4_20160406_scaffold_155_22_1,Bacteria,Thermodesulfobacteria,Thermodesulfobacteria,Thermodesulfobacteriales,Thermodesulfobacteriaceae,Thermodesulfobacterium,thermophilum,DSM,1276,,,,,,,
U2_20141018_scaffold_150_20_1,Bacteria,Thermotogae,Thermotogae,Thermotogales,Thermotogaceae,Petrotoga,mobilis,SJ95,,,,,,,,
U2_20141012_scaffold_158_15_1,Bacteria,Thermotogae,Thermotogae,Thermotogales,Thermotogaceae,Thermotoga,maritima,MSB8,,,,,,,,
M5_20160406_scaffold_2203_2_1,Bacteria,Verrucomicrobia,Opitutae,Opitutae,Opitutae,Opitutae,Opitutae,,,,,,,,,
U3_Input2FT_scaffold_497_44_1,Bacteria,Verrucomicrobia,Opitutae,Opitutae,Opitutae,Opitutae,Opitutae,,,,,,,,,
U3_Input2FT_scaffold_64525_1_1,Bacteria,Verrucomicrobia,Opitutae,Opitutae,Opitutae,Opitutae,Opitutae,,,,,,,,,
U3_Input2FT_scaffold_4895_5_1,Bacteria,Verrucomicrobia,Opitutae,Opitutales,Opitutaceae,Opitutus,terrae,PB90,1,,,,,,,
U3_Input2FT_scaffold_3105_2_1,Bacteria,Verrucomicrobia,Opitutae,Opitutales,Opitutaceae,Opitutus,terrae,PB90,1,,,,,,,
U3_Input2RT_scaffold_32196_3_1,Bacteria,Verrucomicrobia,Opitutae,Puniceicoccales,Puniceicoccaceae,Coraliomargarita,akajimensis,DSM,45221,,,,,,,
U2_20140711HT_scaffold_18881_2_1,Bacteria,Verrucomicrobia,unclassified Verrucomicrobia,Methylacidiphilales,Methylacidiphilaceae,Methylacidiphilum,infernorum,V4,,,,,,,,
U2_20140711HT_scaffold_41238_2_1,Bacteria,Verrucomicrobia,unclassified Verrucomicrobia,Methylacidiphilales,Methylacidiphilaceae,Methylacidiphilum,infernorum,V4,,,,,,,,
U2_20140711LW_scaffold_11353_2_1,Bacteria,Verrucomicrobia,unclassified Verrucomicrobia,Methylacidiphilales,Methylacidiphilaceae,Methylacidiphilum,infernorum,V4,,,,,,,,
U2_20140711HT_scaffold_9399_5_1,Bacteria,Verrucomicrobia,Verrucomicrobiae,Verrucomicrobiales,Verrucomicrobia subdivision 3,Ellin514,,,,,,,,,,
U2_20140711FC_scaffold_5682_6_1,Bacteria,Verrucomicrobia,Verrucomicrobiae,Verrucomicrobiales,Verrucomicrobia subdivision 3,Ellin514,,,,,,,,,,
U2_20140716FC_scaffold_25188_4_1,Bacteria,Verrucomicrobia,Verrucomicrobiae,Verrucomicrobiales,Verrucomicrobia subdivision 3,Ellin514,,,,,,,,,,